{
  "beta": 0.0001,
  "gamma": 0.00017433211629411214,
  "lam": 0.00017433211629411214,
  "lr": 0.22355413072588562
}